X,Y,track_fid,track_seg_id,track_seg_point_id,ele,time,magvar,geoidheight,name,cmt,desc,src,link1_href,link1_text,link1_type,link2_href,link2_text,link2_type,sym,type,fix,sat,hdop,vdop,pdop,ageofdgpsdata,dgpsid,ns3_TrackPointExtension
10.0343818869442,53.6145216040313,0,0,0,40.4000015258789,2019/03/07 08:46:26+00,,,,,,,,,,,,,,,,,,,,,,            <ns3:atemp>10.0</ns3:atemp>          
10.0343742594123,53.6145245376974,0,0,1,40.4000015258789,2019/03/07 08:46:27+00,,,,,,,,,,,,,,,,,,,,,,            <ns3:atemp>10.0</ns3:atemp>          
10.0341248977929,53.6144089512527,0,0,2,39.2000007629395,2019/03/07 08:46:34+00,,,,,,,,,,,,,,,,,,,,,,            <ns3:atemp>10.0</ns3:atemp>          
10.0336874462664,53.6141497828066,0,0,3,38.2000007629395,2019/03/07 08:46:40+00,,,,,,,,,,,,,,,,,,,,,,            <ns3:atemp>10.0</ns3:atemp>          
10.03287775442,53.6138383112848,0,0,4,37.5999984741211,2019/03/07 08:46:49+00,,,,,,,,,,,,,,,,,,,,,,            <ns3:atemp>10.0</ns3:atemp>          
10.0319826509804,53.6135871894658,0,0,5,37.4000015258789,2019/03/07 08:46:59+00,,,,,,,,,,,,,,,,,,,,,,            <ns3:atemp>10.0</ns3:atemp>          
10.0318929646164,53.613561289385,0,0,6,37.2000007629395,2019/03/07 08:47:00+00,,,,,,,,,,,,,,,,,,,,,,            <ns3:atemp>10.0</ns3:atemp>          
10.0310081709176,53.6133267637342,0,0,7,36.2000007629395,2019/03/07 08:47:09+00,,,,,,,,,,,,,,,,,,,,,,            <ns3:atemp>10.0</ns3:atemp>          
10.0307230185717,53.6132725328207,0,0,8,36.2000007629395,2019/03/07 08:47:12+00,,,,,,,,,,,,,,,,,,,,,,            <ns3:atemp>10.0</ns3:atemp>          
10.0302498601377,53.6132535897195,0,0,9,36,2019/03/07 08:47:17+00,,,,,,,,,,,,,,,,,,,,,,            <ns3:atemp>11.0</ns3:atemp>          
10.0300621055067,53.61323883757,0,0,10,35.7999992370605,2019/03/07 08:47:19+00,,,,,,,,,,,,,,,,,,,,,,            <ns3:atemp>11.0</ns3:atemp>          
10.0291162915528,53.6131231673062,0,0,11,36.2000007629395,2019/03/07 08:47:30+00,,,,,,,,,,,,,,,,,,,,,,            <ns3:atemp>11.0</ns3:atemp>          
10.0289643276483,53.6131314653903,0,0,12,37,2019/03/07 08:47:32+00,,,,,,,,,,,,,,,,,,,,,,            <ns3:atemp>11.0</ns3:atemp>          
10.0288153812289,53.6131577845663,0,0,13,37,2019/03/07 08:47:34+00,,,,,,,,,,,,,,,,,,,,,,            <ns3:atemp>11.0</ns3:atemp>          
10.028654448688,53.6131904739887,0,0,14,36.5999984741211,2019/03/07 08:47:36+00,,,,,,,,,,,,,,,,,,,,,,            <ns3:atemp>11.0</ns3:atemp>          
10.0283910892904,53.6132564395666,0,0,15,36.2000007629395,2019/03/07 08:47:39+00,,,,,,,,,,,,,,,,,,,,,,            <ns3:atemp>11.0</ns3:atemp>          
10.028120521456,53.6131737101823,0,0,16,37.4000015258789,2019/03/07 08:47:46+00,,,,,,,,,,,,,,,,,,,,,,            <ns3:atemp>10.0</ns3:atemp>          
10.0278696510941,53.6127853766084,0,0,17,35.5999984741211,2019/03/07 08:47:56+00,,,,,,,,,,,,,,,,,,,,,,            <ns3:atemp>11.0</ns3:atemp>          
10.0276198703796,53.6124598234892,0,0,18,34.5999984741211,2019/03/07 08:48:02+00,,,,,,,,,,,,,,,,,,,,,,            <ns3:atemp>11.0</ns3:atemp>          
10.0272625498474,53.6121041793376,0,0,19,33.4000015258789,2019/03/07 08:48:09+00,,,,,,,,,,,,,,,,,,,,,,            <ns3:atemp>10.0</ns3:atemp>          
10.0271022040397,53.6118800472468,0,0,20,33,2019/03/07 08:48:13+00,,,,,,,,,,,,,,,,,,,,,,            <ns3:atemp>10.0</ns3:atemp>          
10.0266582146287,53.6117710825056,0,0,21,33.2000007629395,2019/03/07 08:48:20+00,,,,,,,,,,,,,,,,,,,,,,            <ns3:atemp>10.0</ns3:atemp>          
10.0265283789486,53.6117391474545,0,0,22,33,2019/03/07 08:48:22+00,,,,,,,,,,,,,,,,,,,,,,            <ns3:atemp>10.0</ns3:atemp>          
10.0262434780598,53.6116891074926,0,0,23,33,2019/03/07 08:48:26+00,,,,,,,,,,,,,,,,,,,,,,            <ns3:atemp>10.0</ns3:atemp>          
10.0255524739623,53.6116064619273,0,0,24,32.4000015258789,2019/03/07 08:48:35+00,,,,,,,,,,,,,,,,,,,,,,            <ns3:atemp>10.0</ns3:atemp>          
10.0252520665526,53.6115669831634,0,0,25,32,2019/03/07 08:48:38+00,,,,,,,,,,,,,,,,,,,,,,            <ns3:atemp>10.0</ns3:atemp>          
10.0249503180385,53.6115265823901,0,0,26,31.2000007629395,2019/03/07 08:48:41+00,,,,,,,,,,,,,,,,,,,,,,            <ns3:atemp>10.0</ns3:atemp>          
10.0248508248478,53.6115279234946,0,0,27,31,2019/03/07 08:48:42+00,,,,,,,,,,,,,,,,,,,,,,            <ns3:atemp>10.0</ns3:atemp>          
10.0239730719477,53.6116051208228,0,0,28,30.6000003814697,2019/03/07 08:48:51+00,,,,,,,,,,,,,,,,,,,,,,            <ns3:atemp>10.0</ns3:atemp>          
10.0235261488706,53.611462963745,0,0,29,29.7999992370605,2019/03/07 08:48:56+00,,,,,,,,,,,,,,,,,,,,,,            <ns3:atemp>10.0</ns3:atemp>          
10.0232386495918,53.611373109743,0,0,30,30.3999996185303,2019/03/07 08:49:03+00,,,,,,,,,,,,,,,,,,,,,,            <ns3:atemp>10.0</ns3:atemp>          
10.0231427606195,53.6113408394158,0,0,31,30,2019/03/07 08:49:35+00,,,,,,,,,,,,,,,,,,,,,,            <ns3:atemp>10.0</ns3:atemp>          
10.0231033656746,53.6113052163273,0,0,32,29.6000003814697,2019/03/07 08:49:36+00,,,,,,,,,,,,,,,,,,,,,,            <ns3:atemp>10.0</ns3:atemp>          
10.0230777170509,53.6110302899033,0,0,33,29.2000007629395,2019/03/07 08:49:43+00,,,,,,,,,,,,,,,,,,,,,,            <ns3:atemp>10.0</ns3:atemp>          
10.0228906329721,53.6109685152769,0,0,34,28.6000003814697,2019/03/07 08:49:46+00,,,,,,,,,,,,,,,,,,,,,,            <ns3:atemp>10.0</ns3:atemp>          
10.0227998569608,53.6109546851367,0,0,35,28.3999996185303,2019/03/07 08:49:47+00,,,,,,,,,,,,,,,,,,,,,,            <ns3:atemp>10.0</ns3:atemp>          
10.0218414701521,53.6108147073537,0,0,36,29,2019/03/07 08:49:57+00,,,,,,,,,,,,,,,,,,,,,,            <ns3:atemp>10.0</ns3:atemp>          
10.0209465343505,53.6107253562659,0,0,37,29.3999996185303,2019/03/07 08:50:06+00,,,,,,,,,,,,,,,,,,,,,,            <ns3:atemp>10.0</ns3:atemp>          
10.0199819449335,53.6106633301824,0,0,38,28.2000007629395,2019/03/07 08:50:15+00,,,,,,,,,,,,,,,,,,,,,,            <ns3:atemp>10.0</ns3:atemp>          
10.0192540604621,53.6106253601611,0,0,39,27.3999996185303,2019/03/07 08:50:21+00,,,,,,,,,,,,,,,,,,,,,,            <ns3:atemp>10.0</ns3:atemp>          
10.0182789098471,53.6105698719621,0,0,40,26,2019/03/07 08:50:29+00,,,,,,,,,,,,,,,,,,,,,,            <ns3:atemp>10.0</ns3:atemp>          
10.0173036754131,53.6105171497911,0,0,41,25.6000003814697,2019/03/07 08:50:37+00,,,,,,,,,,,,,,,,,,,,,,            <ns3:atemp>9.0</ns3:atemp>          
10.0165244936943,53.6104882322252,0,0,42,25,2019/03/07 08:50:43+00,,,,,,,,,,,,,,,,,,,,,,            <ns3:atemp>9.0</ns3:atemp>          
10.0156074296683,53.6104531958699,0,0,43,24,2019/03/07 08:50:50+00,,,,,,,,,,,,,,,,,,,,,,            <ns3:atemp>9.0</ns3:atemp>          
10.014618281275,53.6103743221611,0,0,44,23.3999996185303,2019/03/07 08:50:58+00,,,,,,,,,,,,,,,,,,,,,,            <ns3:atemp>9.0</ns3:atemp>          
10.0136619899422,53.6102663632482,0,0,45,23.2000007629395,2019/03/07 08:51:06+00,,,,,,,,,,,,,,,,,,,,,,            <ns3:atemp>9.0</ns3:atemp>          
10.012839557603,53.6101579014212,0,0,46,22.6000003814697,2019/03/07 08:51:13+00,,,,,,,,,,,,,,,,,,,,,,            <ns3:atemp>9.0</ns3:atemp>          
10.0120562687516,53.6100614257157,0,0,47,22,2019/03/07 08:51:20+00,,,,,,,,,,,,,,,,,,,,,,            <ns3:atemp>9.0</ns3:atemp>          
10.0118106789887,53.6101667862386,0,0,48,22.7999992370605,2019/03/07 08:51:24+00,,,,,,,,,,,,,,,,,,,,,,            <ns3:atemp>9.0</ns3:atemp>          
10.0117509160191,53.6102051753551,0,0,49,23,2019/03/07 08:51:25+00,,,,,,,,,,,,,,,,,,,,,,            <ns3:atemp>9.0</ns3:atemp>          
10.0115674361587,53.6103407945484,0,0,50,23.3999996185303,2019/03/07 08:51:29+00,,,,,,,,,,,,,,,,,,,,,,            <ns3:atemp>9.0</ns3:atemp>          
10.0114584714174,53.6103640962392,0,0,51,23.3999996185303,2019/03/07 08:51:35+00,,,,,,,,,,,,,,,,,,,,,,            <ns3:atemp>9.0</ns3:atemp>          
10.0108301639557,53.6100217793137,0,0,52,22.2000007629395,2019/03/07 08:51:50+00,,,,,,,,,,,,,,,,,,,,,,            <ns3:atemp>9.0</ns3:atemp>          
10.0105129089206,53.6099238786846,0,0,53,22,2019/03/07 08:51:54+00,,,,,,,,,,,,,,,,,,,,,,            <ns3:atemp>9.0</ns3:atemp>          
10.0099174585193,53.6098014190793,0,0,54,21.6000003814697,2019/03/07 08:52:00+00,,,,,,,,,,,,,,,,,,,,,,            <ns3:atemp>9.0</ns3:atemp>          
10.0092966109514,53.6097112298012,0,0,55,21.2000007629395,2019/03/07 08:52:06+00,,,,,,,,,,,,,,,,,,,,,,            <ns3:atemp>9.0</ns3:atemp>          
10.0083447620273,53.6095704976469,0,0,56,21.2000007629395,2019/03/07 08:52:15+00,,,,,,,,,,,,,,,,,,,,,,            <ns3:atemp>9.0</ns3:atemp>          
10.0073994509876,53.6094355490059,0,0,57,20.6000003814697,2019/03/07 08:52:24+00,,,,,,,,,,,,,,,,,,,,,,            <ns3:atemp>9.0</ns3:atemp>          
10.0071956031024,53.6094025243074,0,0,58,20.2000007629395,2019/03/07 08:52:26+00,,,,,,,,,,,,,,,,,,,,,,            <ns3:atemp>9.0</ns3:atemp>          
10.006306450814,53.6092947330326,0,0,59,20,2019/03/07 08:52:34+00,,,,,,,,,,,,,,,,,,,,,,            <ns3:atemp>9.0</ns3:atemp>          
10.0057385768741,53.6092857643962,0,0,60,18.7999992370605,2019/03/07 08:52:39+00,,,,,,,,,,,,,,,,,,,,,,            <ns3:atemp>9.0</ns3:atemp>          
10.004810448736,53.609250979498,0,0,61,18.7999992370605,2019/03/07 08:52:47+00,,,,,,,,,,,,,,,,,,,,,,            <ns3:atemp>9.0</ns3:atemp>          
10.0039402395487,53.609079150483,0,0,62,18.6000003814697,2019/03/07 08:52:55+00,,,,,,,,,,,,,,,,,,,,,,            <ns3:atemp>9.0</ns3:atemp>          
10.003055781126,53.608783101663,0,0,63,18.7999992370605,2019/03/07 08:53:04+00,,,,,,,,,,,,,,,,,,,,,,            <ns3:atemp>9.0</ns3:atemp>          
10.0022874120623,53.6084887292236,0,0,64,18.3999996185303,2019/03/07 08:53:12+00,,,,,,,,,,,,,,,,,,,,,,            <ns3:atemp>9.0</ns3:atemp>          
10.0014854315668,53.6081268824637,0,0,65,18.7999992370605,2019/03/07 08:53:21+00,,,,,,,,,,,,,,,,,,,,,,            <ns3:atemp>9.0</ns3:atemp>          
10.0007569603622,53.607725892216,0,0,66,18.6000003814697,2019/03/07 08:53:30+00,,,,,,,,,,,,,,,,,,,,,,            <ns3:atemp>9.0</ns3:atemp>          
10.0001191813499,53.6073114071041,0,0,67,19.2000007629395,2019/03/07 08:53:39+00,,,,,,,,,,,,,,,,,,,,,,            <ns3:atemp>9.0</ns3:atemp>          
9.99955080449581,53.6068711895496,0,0,68,18.3999996185303,2019/03/07 08:53:48+00,,,,,,,,,,,,,,,,,,,,,,            <ns3:atemp>9.0</ns3:atemp>          
9.99904671683908,53.6064143758267,0,0,69,18.7999992370605,2019/03/07 08:53:57+00,,,,,,,,,,,,,,,,,,,,,,            <ns3:atemp>9.0</ns3:atemp>          
9.99873826280236,53.6060928460211,0,0,70,18.3999996185303,2019/03/07 08:54:03+00,,,,,,,,,,,,,,,,,,,,,,            <ns3:atemp>9.0</ns3:atemp>          
9.99828287400305,53.6056886706501,0,0,71,19.6000003814697,2019/03/07 08:54:11+00,,,,,,,,,,,,,,,,,,,,,,            <ns3:atemp>9.0</ns3:atemp>          
9.99768742360175,53.6052518058568,0,0,72,18.7999992370605,2019/03/07 08:54:21+00,,,,,,,,,,,,,,,,,,,,,,            <ns3:atemp>9.0</ns3:atemp>          
9.99743035063148,53.6049775499851,0,0,73,20.7999992370605,2019/03/07 08:54:33+00,,,,,,,,,,,,,,,,,,,,,,            <ns3:atemp>9.0</ns3:atemp>          
9.99736631289124,53.6049575172365,0,0,74,20.2000007629395,2019/03/07 08:54:48+00,,,,,,,,,,,,,,,,,,,,,,            <ns3:atemp>9.0</ns3:atemp>          
9.99730386771262,53.6049058847129,0,0,75,19.6000003814697,2019/03/07 08:54:50+00,,,,,,,,,,,,,,,,,,,,,,            <ns3:atemp>9.0</ns3:atemp>          
9.99727436341345,53.6048679985106,0,0,76,19.3999996185303,2019/03/07 08:54:51+00,,,,,,,,,,,,,,,,,,,,,,            <ns3:atemp>9.0</ns3:atemp>          
9.99717579223216,53.6047346424311,0,0,77,18.6000003814697,2019/03/07 08:54:54+00,,,,,,,,,,,,,,,,,,,,,,            <ns3:atemp>9.0</ns3:atemp>          
9.99676155857742,53.6042487435043,0,0,78,18.6000003814697,2019/03/07 08:55:03+00,,,,,,,,,,,,,,,,,,,,,,            <ns3:atemp>9.0</ns3:atemp>          
9.9962858017534,53.6038083583117,0,0,79,17.6000003814697,2019/03/07 08:55:11+00,,,,,,,,,,,,,,,,,,,,,,            <ns3:atemp>9.0</ns3:atemp>          
9.99612059444189,53.6036229506135,0,0,80,17.2000007629395,2019/03/07 08:55:14+00,,,,,,,,,,,,,,,,,,,,,,            <ns3:atemp>9.0</ns3:atemp>          
9.99598153866827,53.6034937854856,0,0,81,16.3999996185303,2019/03/07 08:55:16+00,,,,,,,,,,,,,,,,,,,,,,            <ns3:atemp>9.0</ns3:atemp>          
9.995470745489,53.6030303500593,0,0,82,15.3999996185303,2019/03/07 08:55:23+00,,,,,,,,,,,,,,,,,,,,,,            <ns3:atemp>9.0</ns3:atemp>          
9.99484629370272,53.602564483881,0,0,83,15.8000001907349,2019/03/07 08:55:31+00,,,,,,,,,,,,,,,,,,,,,,            <ns3:atemp>9.0</ns3:atemp>          
9.994379254058,53.6020589713007,0,0,84,17.2000007629395,2019/03/07 08:55:40+00,,,,,,,,,,,,,,,,,,,,,,            <ns3:atemp>9.0</ns3:atemp>          
9.99434824101627,53.6020073387772,0,0,85,17.6000003814697,2019/03/07 08:55:41+00,,,,,,,,,,,,,,,,,,,,,,            <ns3:atemp>9.0</ns3:atemp>          
9.99429157935083,53.6019035708159,0,0,86,18.6000003814697,2019/03/07 08:55:43+00,,,,,,,,,,,,,,,,,,,,,,            <ns3:atemp>9.0</ns3:atemp>          
9.99415026046336,53.6015091184527,0,0,87,17.2000007629395,2019/03/07 08:55:50+00,,,,,,,,,,,,,,,,,,,,,,            <ns3:atemp>9.0</ns3:atemp>          
9.99394297599792,53.6009324435145,0,0,88,17.6000003814697,2019/03/07 08:56:00+00,,,,,,,,,,,,,,,,,,,,,,            <ns3:atemp>9.0</ns3:atemp>          
9.99382780864835,53.6004625540227,0,0,89,17.2000007629395,2019/03/07 08:56:08+00,,,,,,,,,,,,,,,,,,,,,,            <ns3:atemp>9.0</ns3:atemp>          
9.99373753555119,53.5998950153589,0,0,90,17,2019/03/07 08:56:17+00,,,,,,,,,,,,,,,,,,,,,,            <ns3:atemp>9.0</ns3:atemp>          
9.99369696713984,53.5992997325957,0,0,91,16.6000003814697,2019/03/07 08:56:25+00,,,,,,,,,,,,,,,,,,,,,,            <ns3:atemp>9.0</ns3:atemp>          
9.99378623440862,53.5987057071179,0,0,92,17.2000007629395,2019/03/07 08:56:34+00,,,,,,,,,,,,,,,,,,,,,,            <ns3:atemp>9.0</ns3:atemp>          
9.99401397071779,53.5981120169163,0,0,93,17.2000007629395,2019/03/07 08:56:43+00,,,,,,,,,,,,,,,,,,,,,,            <ns3:atemp>9.0</ns3:atemp>          
9.99421102926135,53.5975824482739,0,0,94,17.2000007629395,2019/03/07 08:56:51+00,,,,,,,,,,,,,,,,,,,,,,            <ns3:atemp>9.0</ns3:atemp>          
9.99441253021359,53.5970049351454,0,0,95,16.6000003814697,2019/03/07 08:57:00+00,,,,,,,,,,,,,,,,,,,,,,            <ns3:atemp>9.0</ns3:atemp>          
9.99459911137819,53.5964457783848,0,0,96,16.3999996185303,2019/03/07 08:57:09+00,,,,,,,,,,,,,,,,,,,,,,            <ns3:atemp>9.0</ns3:atemp>          
9.99477001838386,53.5958660859615,0,0,97,16.3999996185303,2019/03/07 08:57:19+00,,,,,,,,,,,,,,,,,,,,,,            <ns3:atemp>9.0</ns3:atemp>          
9.99494997784495,53.5953065101057,0,0,98,16.7999992370605,2019/03/07 08:57:29+00,,,,,,,,,,,,,,,,,,,,,,            <ns3:atemp>9.0</ns3:atemp>          
9.99512339942157,53.5947386361659,0,0,99,17.2000007629395,2019/03/07 08:57:39+00,,,,,,,,,,,,,,,,,,,,,,            <ns3:atemp>9.0</ns3:atemp>          
9.99517830088735,53.5945851635188,0,0,100,17.3999996185303,2019/03/07 08:57:42+00,,,,,,,,,,,,,,,,,,,,,,            <ns3:atemp>9.0</ns3:atemp>          
9.99522004276514,53.5943860933185,0,0,101,17.3999996185303,2019/03/07 08:57:46+00,,,,,,,,,,,,,,,,,,,,,,            <ns3:atemp>9.0</ns3:atemp>          
9.9953533988446,53.5941361449659,0,0,102,17.6000003814697,2019/03/07 08:57:51+00,,,,,,,,,,,,,,,,,,,,,,            <ns3:atemp>9.0</ns3:atemp>          
9.99511954374611,53.5938519984484,0,0,103,17.3999996185303,2019/03/07 08:57:59+00,,,,,,,,,,,,,,,,,,,,,,            <ns3:atemp>9.0</ns3:atemp>          
9.99477638863027,53.5936785768718,0,0,104,17.6000003814697,2019/03/07 08:58:04+00,,,,,,,,,,,,,,,,,,,,,,            <ns3:atemp>9.0</ns3:atemp>          
9.99425595626235,53.5934354178607,0,0,105,18.7999992370605,2019/03/07 08:58:11+00,,,,,,,,,,,,,,,,,,,,,,            <ns3:atemp>9.0</ns3:atemp>          
9.99406384304166,53.5933395288885,0,0,106,19,2019/03/07 08:58:14+00,,,,,,,,,,,,,,,,,,,,,,            <ns3:atemp>9.0</ns3:atemp>          
9.99389536678791,53.593245819211,0,0,107,19.7999992370605,2019/03/07 08:58:17+00,,,,,,,,,,,,,,,,,,,,,,            <ns3:atemp>9.0</ns3:atemp>          
9.99365321360528,53.5931364353746,0,0,108,21,2019/03/07 08:58:22+00,,,,,,,,,,,,,,,,,,,,,,            <ns3:atemp>9.0</ns3:atemp>          
9.99333143234253,53.5930072702467,0,0,109,20.2000007629395,2019/03/07 08:58:28+00,,,,,,,,,,,,,,,,,,,,,,            <ns3:atemp>9.0</ns3:atemp>          
9.99326270073652,53.5929879080504,0,0,110,20,2019/03/07 08:58:29+00,,,,,,,,,,,,,,,,,,,,,,            <ns3:atemp>9.0</ns3:atemp>          
9.99305709265172,53.592915488407,0,0,111,18.7999992370605,2019/03/07 08:58:32+00,,,,,,,,,,,,,,,,,,,,,,            <ns3:atemp>9.0</ns3:atemp>          
9.99299246817827,53.5928848944604,0,0,112,18.6000003814697,2019/03/07 08:58:33+00,,,,,,,,,,,,,,,,,,,,,,            <ns3:atemp>9.0</ns3:atemp>          
9.99267571605742,53.5927280690521,0,0,113,18.2000007629395,2019/03/07 08:58:38+00,,,,,,,,,,,,,,,,,,,,,,            <ns3:atemp>9.0</ns3:atemp>          
9.99236516654491,53.5927123948932,0,0,114,19.3999996185303,2019/03/07 08:58:46+00,,,,,,,,,,,,,,,,,,,,,,            <ns3:atemp>9.0</ns3:atemp>          
9.99232501722872,53.5926859080791,0,0,115,19.3999996185303,2019/03/07 08:59:19+00,,,,,,,,,,,,,,,,,,,,,,            <ns3:atemp>9.0</ns3:atemp>          
9.99240313656628,53.5924612730742,0,0,116,18.2000007629395,2019/03/07 08:59:26+00,,,,,,,,,,,,,,,,,,,,,,            <ns3:atemp>9.0</ns3:atemp>          
9.99249408021569,53.5923944693059,0,0,117,17.7999992370605,2019/03/07 08:59:28+00,,,,,,,,,,,,,,,,,,,,,,            <ns3:atemp>9.0</ns3:atemp>          
9.99248636886477,53.5921958182007,0,0,118,17.2000007629395,2019/03/07 08:59:32+00,,,,,,,,,,,,,,,,,,,,,,            <ns3:atemp>9.0</ns3:atemp>          
9.99243943020701,53.5919053014368,0,0,119,16,2019/03/07 08:59:38+00,,,,,,,,,,,,,,,,,,,,,,            <ns3:atemp>9.0</ns3:atemp>          
9.9922242667526,53.5913598071784,0,0,120,16,2019/03/07 08:59:48+00,,,,,,,,,,,,,,,,,,,,,,            <ns3:atemp>9.0</ns3:atemp>          
9.99215880408883,53.5908014047891,0,0,121,16.7999992370605,2019/03/07 08:59:58+00,,,,,,,,,,,,,,,,,,,,,,            <ns3:atemp>9.0</ns3:atemp>          
9.99213541857898,53.5906773526222,0,0,122,17,2019/03/07 09:00:00+00,,,,,,,,,,,,,,,,,,,,,,            <ns3:atemp>9.0</ns3:atemp>          
9.99198722653091,53.5903573315591,0,0,123,16.6000003814697,2019/03/07 09:00:06+00,,,,,,,,,,,,,,,,,,,,,,            <ns3:atemp>9.0</ns3:atemp>          
9.99177658930421,53.5897774714977,0,0,124,17.3999996185303,2019/03/07 09:00:16+00,,,,,,,,,,,,,,,,,,,,,,            <ns3:atemp>9.0</ns3:atemp>          
9.99170048162341,53.5895420238376,0,0,125,17.7999992370605,2019/03/07 09:00:20+00,,,,,,,,,,,,,,,,,,,,,,            <ns3:atemp>9.0</ns3:atemp>          
9.99149051494896,53.5889966133982,0,0,126,17,2019/03/07 09:00:31+00,,,,,,,,,,,,,,,,,,,,,,            <ns3:atemp>9.0</ns3:atemp>          
9.99136093072593,53.5884177591652,0,0,127,17.6000003814697,2019/03/07 09:00:40+00,,,,,,,,,,,,,,,,,,,,,,            <ns3:atemp>9.0</ns3:atemp>          
9.99084192328155,53.5879196226597,0,0,128,18.3999996185303,2019/03/07 09:00:50+00,,,,,,,,,,,,,,,,,,,,,,            <ns3:atemp>9.0</ns3:atemp>          
9.99032677151263,53.5874629765749,0,0,129,18.2000007629395,2019/03/07 09:01:00+00,,,,,,,,,,,,,,,,,,,,,,            <ns3:atemp>9.0</ns3:atemp>          
9.98980692587793,53.5870189033449,0,0,130,17.7999992370605,2019/03/07 09:01:11+00,,,,,,,,,,,,,,,,,,,,,,            <ns3:atemp>9.0</ns3:atemp>          
9.98936561867595,53.5866697132587,0,0,131,16.6000003814697,2019/03/07 09:01:18+00,,,,,,,,,,,,,,,,,,,,,,            <ns3:atemp>9.0</ns3:atemp>          
9.98882984742522,53.5862188506871,0,0,132,16.6000003814697,2019/03/07 09:01:27+00,,,,,,,,,,,,,,,,,,,,,,            <ns3:atemp>9.0</ns3:atemp>          
9.98865944333375,53.5860668867826,0,0,133,17.6000003814697,2019/03/07 09:01:30+00,,,,,,,,,,,,,,,,,,,,,,            <ns3:atemp>9.0</ns3:atemp>          
9.98838820494711,53.5856974124908,0,0,134,18.6000003814697,2019/03/07 09:01:37+00,,,,,,,,,,,,,,,,,,,,,,            <ns3:atemp>9.0</ns3:atemp>          
9.9881955049932,53.5852133575827,0,0,135,19.6000003814697,2019/03/07 09:01:46+00,,,,,,,,,,,,,,,,,,,,,,            <ns3:atemp>9.0</ns3:atemp>          
9.98818662017584,53.5848955158144,0,0,136,20.7999992370605,2019/03/07 09:01:53+00,,,,,,,,,,,,,,,,,,,,,,            <ns3:atemp>9.0</ns3:atemp>          
9.98821587301791,53.584609022364,0,0,137,19.7999992370605,2019/03/07 09:02:00+00,,,,,,,,,,,,,,,,,,,,,,            <ns3:atemp>9.0</ns3:atemp>          
9.988226685673,53.584032934159,0,0,138,18.7999992370605,2019/03/07 09:02:12+00,,,,,,,,,,,,,,,,,,,,,,            <ns3:atemp>9.0</ns3:atemp>          
9.98823590576649,53.583977278322,0,0,139,18.7999992370605,2019/03/07 09:02:13+00,,,,,,,,,,,,,,,,,,,,,,            <ns3:atemp>9.0</ns3:atemp>          
9.98827555216849,53.5837589297444,0,0,140,17.6000003814697,2019/03/07 09:02:17+00,,,,,,,,,,,,,,,,,,,,,,            <ns3:atemp>9.0</ns3:atemp>          
9.98832425102592,53.5832156147808,0,0,141,18.6000003814697,2019/03/07 09:02:27+00,,,,,,,,,,,,,,,,,,,,,,            <ns3:atemp>9.0</ns3:atemp>          
9.98833363875747,53.5830156225711,0,0,142,19.6000003814697,2019/03/07 09:02:31+00,,,,,,,,,,,,,,,,,,,,,,            <ns3:atemp>9.0</ns3:atemp>          
9.98839189298451,53.5824482515454,0,0,143,20.7999992370605,2019/03/07 09:02:43+00,,,,,,,,,,,,,,,,,,,,,,            <ns3:atemp>9.0</ns3:atemp>          
9.98838929459453,53.5824067611247,0,0,144,20.7999992370605,2019/03/07 09:02:44+00,,,,,,,,,,,,,,,,,,,,,,            <ns3:atemp>9.0</ns3:atemp>          
9.9883421882987,53.5822418052703,0,0,145,21.2000007629395,2019/03/07 09:02:48+00,,,,,,,,,,,,,,,,,,,,,,            <ns3:atemp>9.0</ns3:atemp>          
9.98825551941991,53.5821763426065,0,0,146,21.7999992370605,2019/03/07 09:02:50+00,,,,,,,,,,,,,,,,,,,,,,            <ns3:atemp>9.0</ns3:atemp>          
9.98813079670072,53.5821304097772,0,0,147,22.2000007629395,2019/03/07 09:02:52+00,,,,,,,,,,,,,,,,,,,,,,            <ns3:atemp>9.0</ns3:atemp>          
9.98807840980589,53.5820989776403,0,0,148,22.2000007629395,2019/03/07 09:02:53+00,,,,,,,,,,,,,,,,,,,,,,            <ns3:atemp>9.0</ns3:atemp>          
9.9878138769418,53.5817491170019,0,0,149,21.7999992370605,2019/03/07 09:03:01+00,,,,,,,,,,,,,,,,,,,,,,            <ns3:atemp>9.0</ns3:atemp>          
9.98780817724764,53.5817030165344,0,0,150,22,2019/03/07 09:03:02+00,,,,,,,,,,,,,,,,,,,,,,            <ns3:atemp>9.0</ns3:atemp>          
9.98779845423996,53.5815658047795,0,0,151,22.2000007629395,2019/03/07 09:03:05+00,,,,,,,,,,,,,,,,,,,,,,            <ns3:atemp>9.0</ns3:atemp>          
9.98767691664398,53.5814626235515,0,0,152,22.7999992370605,2019/03/07 09:03:08+00,,,,,,,,,,,,,,,,,,,,,,            <ns3:atemp>9.0</ns3:atemp>          
9.98747440986335,53.5813921317458,0,0,153,22.7999992370605,2019/03/07 09:03:11+00,,,,,,,,,,,,,,,,,,,,,,            <ns3:atemp>9.0</ns3:atemp>          
9.98666195198894,53.5812096577138,0,0,154,21.6000003814697,2019/03/07 09:03:22+00,,,,,,,,,,,,,,,,,,,,,,            <ns3:atemp>9.0</ns3:atemp>          
9.9865841679275,53.5812037065625,0,0,155,21.3999996185303,2019/03/07 09:03:23+00,,,,,,,,,,,,,,,,,,,,,,            <ns3:atemp>9.0</ns3:atemp>          
9.98650361783803,53.5811958275735,0,0,156,21.2000007629395,2019/03/07 09:03:24+00,,,,,,,,,,,,,,,,,,,,,,            <ns3:atemp>9.0</ns3:atemp>          
9.98626900836825,53.5810629744083,0,0,157,20.3999996185303,2019/03/07 09:03:28+00,,,,,,,,,,,,,,,,,,,,,,            <ns3:atemp>9.0</ns3:atemp>          
9.98624050989747,53.5809621401131,0,0,158,20.2000007629395,2019/03/07 09:03:30+00,,,,,,,,,,,,,,,,,,,,,,            <ns3:atemp>9.0</ns3:atemp>          
9.98621854931116,53.5809125192463,0,0,159,20.2000007629395,2019/03/07 09:03:31+00,,,,,,,,,,,,,,,,,,,,,,            <ns3:atemp>9.0</ns3:atemp>          
9.98610321432352,53.5807033907622,0,0,160,20.7999992370605,2019/03/07 09:03:35+00,,,,,,,,,,,,,,,,,,,,,,            <ns3:atemp>9.0</ns3:atemp>          
9.98607639223337,53.5803930088878,0,0,161,21.3999996185303,2019/03/07 09:03:41+00,,,,,,,,,,,,,,,,,,,,,,            <ns3:atemp>9.0</ns3:atemp>          
9.98607136309147,53.5801350977272,0,0,162,22.2000007629395,2019/03/07 09:03:46+00,,,,,,,,,,,,,,,,,,,,,,            <ns3:atemp>9.0</ns3:atemp>          
9.98605149798095,53.5795733425766,0,0,163,23,2019/03/07 09:03:57+00,,,,,,,,,,,,,,,,,,,,,,            <ns3:atemp>9.0</ns3:atemp>          
9.98605552129447,53.5795201174915,0,0,164,23.2000007629395,2019/03/07 09:03:58+00,,,,,,,,,,,,,,,,,,,,,,            <ns3:atemp>9.0</ns3:atemp>          
9.98604873195291,53.5794725921005,0,0,165,23.3999996185303,2019/03/07 09:03:59+00,,,,,,,,,,,,,,,,,,,,,,            <ns3:atemp>9.0</ns3:atemp>          
9.98604068532586,53.5790110006928,0,0,166,25,2019/03/07 09:04:08+00,,,,,,,,,,,,,,,,,,,,,,            <ns3:atemp>9.0</ns3:atemp>          
9.98604621738195,53.5788072366267,0,0,167,26.2000007629395,2019/03/07 09:04:12+00,,,,,,,,,,,,,,,,,,,,,,            <ns3:atemp>9.0</ns3:atemp>          
9.9860592931509,53.5783689469099,0,0,168,25.2000007629395,2019/03/07 09:04:21+00,,,,,,,,,,,,,,,,,,,,,,            <ns3:atemp>9.0</ns3:atemp>          
9.98606340028346,53.5779051762074,0,0,169,26.6000003814697,2019/03/07 09:04:31+00,,,,,,,,,,,,,,,,,,,,,,            <ns3:atemp>9.0</ns3:atemp>          
9.98606038279831,53.5776156652719,0,0,170,27,2019/03/07 09:04:37+00,,,,,,,,,,,,,,,,,,,,,,            <ns3:atemp>9.0</ns3:atemp>          
9.98603951185942,53.5771637130529,0,0,171,27.6000003814697,2019/03/07 09:04:46+00,,,,,,,,,,,,,,,,,,,,,,            <ns3:atemp>9.0</ns3:atemp>          
9.9860368296504,53.5765756387264,0,0,172,28,2019/03/07 09:04:57+00,,,,,,,,,,,,,,,,,,,,,,            <ns3:atemp>9.0</ns3:atemp>          
9.98603490181267,53.5760101117194,0,0,173,28.6000003814697,2019/03/07 09:05:08+00,,,,,,,,,,,,,,,,,,,,,,            <ns3:atemp>9.0</ns3:atemp>          
9.98603976331651,53.5755036771297,0,0,174,28.7999992370605,2019/03/07 09:05:19+00,,,,,,,,,,,,,,,,,,,,,,            <ns3:atemp>9.0</ns3:atemp>          
9.98603750020266,53.5754217859358,0,0,175,29,2019/03/07 09:05:21+00,,,,,,,,,,,,,,,,,,,,,,            <ns3:atemp>9.0</ns3:atemp>          
9.98602048493922,53.5750966519117,0,0,176,30,2019/03/07 09:05:28+00,,,,,,,,,,,,,,,,,,,,,,            <ns3:atemp>9.0</ns3:atemp>          
9.98603565618396,53.5747037921101,0,0,177,28.7999992370605,2019/03/07 09:05:36+00,,,,,,,,,,,,,,,,,,,,,,            <ns3:atemp>9.0</ns3:atemp>          
9.98602082021534,53.574465578422,0,0,178,28.2000007629395,2019/03/07 09:05:41+00,,,,,,,,,,,,,,,,,,,,,,            <ns3:atemp>9.0</ns3:atemp>          
9.98602962121367,53.5739128757268,0,0,179,29.2000007629395,2019/03/07 09:05:52+00,,,,,,,,,,,,,,,,,,,,,,            <ns3:atemp>9.0</ns3:atemp>          
9.98601755127311,53.5737105365843,0,0,180,29.7999992370605,2019/03/07 09:05:56+00,,,,,,,,,,,,,,,,,,,,,,            <ns3:atemp>9.0</ns3:atemp>          
9.98603238724172,53.5733014158905,0,0,181,30.7999992370605,2019/03/07 09:06:04+00,,,,,,,,,,,,,,,,,,,,,,            <ns3:atemp>9.0</ns3:atemp>          
9.98604118824005,53.5731457639486,0,0,182,31,2019/03/07 09:06:07+00,,,,,,,,,,,,,,,,,,,,,,            <ns3:atemp>9.0</ns3:atemp>          
9.98603624291718,53.5727855935693,0,0,183,30,2019/03/07 09:06:14+00,,,,,,,,,,,,,,,,,,,,,,            <ns3:atemp>9.0</ns3:atemp>          
9.9856189917773,53.5726195480675,0,0,184,29.6000003814697,2019/03/07 09:06:20+00,,,,,,,,,,,,,,,,,,,,,,            <ns3:atemp>9.0</ns3:atemp>          
9.98522168956697,53.5726098250598,0,0,185,29.6000003814697,2019/03/07 09:06:24+00,,,,,,,,,,,,,,,,,,,,,,            <ns3:atemp>9.0</ns3:atemp>          
9.98445482924581,53.572589289397,0,0,186,28.3999996185303,2019/03/07 09:06:31+00,,,,,,,,,,,,,,,,,,,,,,            <ns3:atemp>9.0</ns3:atemp>          
9.98346467502415,53.5725570190698,0,0,187,27.3999996185303,2019/03/07 09:06:40+00,,,,,,,,,,,,,,,,,,,,,,            <ns3:atemp>9.0</ns3:atemp>          
9.9833569675684,53.572552157566,0,0,188,27.2000007629395,2019/03/07 09:06:41+00,,,,,,,,,,,,,,,,,,,,,,            <ns3:atemp>9.0</ns3:atemp>          
9.98241769149899,53.5725176241249,0,0,189,26.7999992370605,2019/03/07 09:06:50+00,,,,,,,,,,,,,,,,,,,,,,            <ns3:atemp>9.0</ns3:atemp>          
9.98192399740219,53.5725194681436,0,0,190,26,2019/03/07 09:06:55+00,,,,,,,,,,,,,,,,,,,,,,            <ns3:atemp>9.0</ns3:atemp>          
9.98115889728069,53.5725028719753,0,0,191,25,2019/03/07 09:07:03+00,,,,,,,,,,,,,,,,,,,,,,            <ns3:atemp>9.0</ns3:atemp>          
9.98016874305904,53.572465153411,0,0,192,24,2019/03/07 09:07:14+00,,,,,,,,,,,,,,,,,,,,,,            <ns3:atemp>9.0</ns3:atemp>          
9.97999548912048,53.5724671650678,0,0,193,23.7999992370605,2019/03/07 09:07:16+00,,,,,,,,,,,,,,,,,,,,,,            <ns3:atemp>9.0</ns3:atemp>          
9.97955803759396,53.5724732838571,0,0,194,22.7999992370605,2019/03/07 09:07:21+00,,,,,,,,,,,,,,,,,,,,,,            <ns3:atemp>9.0</ns3:atemp>          
9.97881942428648,53.5724477190524,0,0,195,23.3999996185303,2019/03/07 09:07:34+00,,,,,,,,,,,,,,,,,,,,,,            <ns3:atemp>9.0</ns3:atemp>          
9.97876930050552,53.5724343080074,0,0,196,24,2019/03/07 09:07:55+00,,,,,,,,,,,,,,,,,,,,,,            <ns3:atemp>9.0</ns3:atemp>          
9.97837895527482,53.5723157878965,0,0,197,22.7999992370605,2019/03/07 09:08:01+00,,,,,,,,,,,,,,,,,,,,,,            <ns3:atemp>9.0</ns3:atemp>          
9.97809941880405,53.5721411090344,0,0,198,21.6000003814697,2019/03/07 09:08:05+00,,,,,,,,,,,,,,,,,,,,,,            <ns3:atemp>9.0</ns3:atemp>          
9.97758150100708,53.5716702975333,0,0,199,22.2000007629395,2019/03/07 09:08:14+00,,,,,,,,,,,,,,,,,,,,,,            <ns3:atemp>9.0</ns3:atemp>          
9.97702343389392,53.5711953788996,0,0,200,22.6000003814697,2019/03/07 09:08:24+00,,,,,,,,,,,,,,,,,,,,,,            <ns3:atemp>9.0</ns3:atemp>          
9.97670299373567,53.5709405690432,0,0,201,23.6000003814697,2019/03/07 09:08:30+00,,,,,,,,,,,,,,,,,,,,,,            <ns3:atemp>9.0</ns3:atemp>          
9.97654574923217,53.5708144214004,0,0,202,24.7999992370605,2019/03/07 09:08:33+00,,,,,,,,,,,,,,,,,,,,,,            <ns3:atemp>9.0</ns3:atemp>          
9.97604995965958,53.5703307017684,0,0,203,24.7999992370605,2019/03/07 09:08:44+00,,,,,,,,,,,,,,,,,,,,,,            <ns3:atemp>9.0</ns3:atemp>          
9.97592414729297,53.5701996088028,0,0,204,25.7999992370605,2019/03/07 09:08:47+00,,,,,,,,,,,,,,,,,,,,,,            <ns3:atemp>9.0</ns3:atemp>          
9.97587419115007,53.5701598785818,0,0,205,25.7999992370605,2019/03/07 09:08:48+00,,,,,,,,,,,,,,,,,,,,,,            <ns3:atemp>9.0</ns3:atemp>          
9.97577310539782,53.5699498280883,0,0,206,26.6000003814697,2019/03/07 09:08:53+00,,,,,,,,,,,,,,,,,,,,,,            <ns3:atemp>9.0</ns3:atemp>          
9.97568291611969,53.5698756482452,0,0,207,26.7999992370605,2019/03/07 09:08:55+00,,,,,,,,,,,,,,,,,,,,,,            <ns3:atemp>9.0</ns3:atemp>          
9.97563145123422,53.5698443837464,0,0,208,27,2019/03/07 09:08:56+00,,,,,,,,,,,,,,,,,,,,,,            <ns3:atemp>9.0</ns3:atemp>          
9.97490616515279,53.5694815311581,0,0,209,27,2019/03/07 09:09:08+00,,,,,,,,,,,,,,,,,,,,,,            <ns3:atemp>9.0</ns3:atemp>          
9.97460374608636,53.5693467501551,0,0,210,27.7999992370605,2019/03/07 09:09:13+00,,,,,,,,,,,,,,,,,,,,,,            <ns3:atemp>9.0</ns3:atemp>          
9.97440400533378,53.5692520346493,0,0,211,27.6000003814697,2019/03/07 09:09:17+00,,,,,,,,,,,,,,,,,,,,,,            <ns3:atemp>9.0</ns3:atemp>          
9.97438858263195,53.5690061934292,0,0,212,26.6000003814697,2019/03/07 09:09:24+00,,,,,,,,,,,,,,,,,,,,,,            <ns3:atemp>9.0</ns3:atemp>          
9.97472737915814,53.5687953047454,0,0,213,27.7999992370605,2019/03/07 09:09:31+00,,,,,,,,,,,,,,,,,,,,,,            <ns3:atemp>9.0</ns3:atemp>          
9.97490214183927,53.5687066242099,0,0,214,28.2000007629395,2019/03/07 09:09:34+00,,,,,,,,,,,,,,,,,,,,,,            <ns3:atemp>9.0</ns3:atemp>          
9.97495670802891,53.5685005970299,0,0,215,28.6000003814697,2019/03/07 09:09:39+00,,,,,,,,,,,,,,,,,,,,,,            <ns3:atemp>9.0</ns3:atemp>          
9.97496802359819,53.5683835018426,0,0,216,29,2019/03/07 09:09:42+00,,,,,,,,,,,,,,,,,,,,,,            <ns3:atemp>9.0</ns3:atemp>          
9.97507346794009,53.5678924899548,0,0,217,30.2000007629395,2019/03/07 09:09:56+00,,,,,,,,,,,,,,,,,,,,,,            <ns3:atemp>9.0</ns3:atemp>          
9.9750507529825,53.5678314696997,0,0,218,30.6000003814697,2019/03/07 09:09:59+00,,,,,,,,,,,,,,,,,,,,,,            <ns3:atemp>9.0</ns3:atemp>          
9.975033570081,53.5678077489138,0,0,219,31,2019/03/07 09:10:03+00,,,,,,,,,,,,,,,,,,,,,,            <ns3:atemp>9.0</ns3:atemp>          
